species,Alcohol,Animal_fats,Dairy,Egg,Fish_seafood,Fruit_juices,Fruits,Legumes,Margarine,Meat,Misc_animal_foods,Nuts,Potatoes,Refined_grains,Sugar_sweetened_beverages,Sweets_desserts,Tea_coffee,Vegetable_oils,Vegetables,Whole_grain
Actinomyces_odontolyticus,-0.0745879587096405,-0.0628137854658755,0.00661185114681255,-0.00362273676513822,0.0311854006226344,-0.0688652089185134,-0.0198961457242812,-0.0117751016267176,0.0132885065684277,-0.0376665988449133,-0.0214876815524793,-0.0690330034608772,-0.00446792435586569,-0.0355319294414382,0.0369554850527219,-0.0331597679506542,-0.0131866961837031,-0.0313504040874382,-0.0213249441339865,-0.0320571866796705
Actinomyces_sp_ICM47,0.000324387600265842,-0.0361884057639902,-0.0396878325140559,0.0317177477341853,-0.00244044487930294,-0.0325432616700227,-0.0426590048646365,0.0142151520322373,-0.0574566298910263,-0.000240702018803853,-0.00661794313779413,-0.0272992426472921,0.00639098057388895,-0.0225202476525746,0.0284244236513171,-0.0393728348708477,0.0368674358444136,-0.0248973239803079,-0.00654586758778638,-0.0238074022685667
Adlercreutzia_equolifaciens,0.0720095836622396,-0.0484402539608126,-0.00975790798762077,-0.00613496300864456,-0.0130574668754024,-0.00890454259854174,-0.0145016233018444,-0.0957052411491135,0.00623931806872175,0.0759165722777884,-0.0494888227685234,0.0103888008662735,0.0184734504406741,-0.00590781164917985,1.50803880473196e-05,0.00870543949357722,0.0875958260872118,0.0136910269102912,0.0141162377604864,0.0138168537252803
Agathobaculum_butyriciproducens,0.0664022404493173,-0.034260094291258,-0.0152144460621034,0.0743890175353533,0.0557570491194229,0.0602871727887746,0.057105806417513,0.0923147492002018,-0.045554650884652,-0.0793117015461453,-0.053967474484501,0.20679488303088,-0.065548008805105,-0.0460568672458515,-0.0970145535710696,-0.0766680781024043,0.137090954544761,0.0764420933970466,0.100272072306922,0.0511677955457033
Akkermansia_muciniphila,0.0345439350412276,0.0453588182586684,0.0341741284129749,0.0411947767593736,-0.00300201721501986,0.00299553531763564,-0.0352546175741411,0.00413492652959595,0.0139430763520744,0.0380433620383859,0.0804419819433406,-0.0391588952324799,-0.017605811963242,-0.0148098426532743,0.0505099377459412,0.0852583064567944,-0.00590977536187484,-0.0231639993568182,-0.0222492136933012,0.0345682238580808
Alistipes_finegoldii,0.0135543138164396,0.0173496436619104,0.0220194730268613,-0.0450348396704603,-0.0172561663420964,-0.0395503104077719,0.0483566833840892,-0.0554967281319024,0.0326681689217809,0.12306910948139,0.0599927927811337,-0.107711000147634,0.111135241459962,0.0279084778281147,0.0729112596636298,0.0667349067465691,-0.0578240980529979,-0.0444720735852618,-0.0163700102678921,0.0092277191311086
Alistipes_indistinctus,0.0734089219474366,0.00739979034819995,0.0155044708080563,0.0147265724509533,0.00189403461101722,-0.0434807436743284,0.00978693305345653,-0.00580879927155836,-0.00134599149643329,0.0674416231870639,0.0460028721301746,-0.0379105089912032,0.00898329748888067,0.0187334988052322,0.0525238929693544,0.00727717722141605,-0.00799906082943812,0.0405436896760245,0.0778261581860595,-0.0394123170771065
Alistipes_inops,0.0519926217431276,-0.0208165398398273,-0.00880569655830422,0.00793132790480164,0.0228855394142326,-0.0144795347120984,0.0148899008492846,-0.0438556715690911,0.039287175636728,0.0439796490886143,-0.00674185624371254,0.00659026770460414,0.00461434864462538,0.0129809627761998,0.0383752348463712,0.0140884167497015,0.0484136440376489,0.0273214458614089,-0.0249866939132973,-0.0566000903894768
Alistipes_onderdonkii,-0.0202045593201074,-0.0154967583980297,-0.00562232996179789,0.0612601259200485,0.070864812027956,0.0191172238781796,0.0117247762299664,-0.0512367447915799,-0.0001691394425978,0.00102907963230171,-0.0658413851540559,0.0557637184213087,-0.00322377780417189,-0.0130314457643841,0.0217176351538559,-0.0306013315407,0.101495224612125,-0.0221519356610429,0.0174092408475153,-0.0166841108686604
Alistipes_putredinis,-0.0165877638710527,0.0246424095192219,0.0320866032760794,-0.00347964788136658,0.00767441227331509,-0.0331657113658961,0.00271044807826626,-0.0268996204360629,0.00625690399313986,0.136494126946025,0.0508728749722506,-0.0966425977757176,0.071122259588726,0.0261127085038841,0.0941176761059928,0.0784661488751062,-0.0162891745736534,-0.035254508468291,-0.0349145153874392,0.0180863893888731
Alistipes_shahii,-0.00429512460216392,-0.0196474601849053,0.0354018237584934,-0.00247920632299499,-0.0113812810085633,-0.0475651642653032,0.0897079412418292,-0.0560458577271969,-0.000561207789365534,0.0793563759748631,0.0520701614943475,-0.0236210008228863,0.0198176075655345,-0.00609473701074292,0.0793949383473871,0.0385065146286464,-0.020530476825322,0.00605474517499131,-0.00158042363997044,0.0498817358928763
Anaeromassilibacillus_sp_An250,0.0139637560198098,0.0293919191005434,0.0861481849543136,-0.0155840526674089,0.0219464223985585,0.0112130830568189,-0.0782312697401167,-0.0882512521936455,0.0314290392327446,0.123496680702345,0.0791951976710928,-0.164474606163262,0.0778918240239561,0.0472972996388567,0.079313070434377,0.0933624399332703,0.0754689587910981,-0.000747952403511603,-0.0568876899740696,-0.0904578646693525
Anaerostipes_hadrus,0.0556613564890381,0.0274337284189814,-0.0614332837050563,0.0457889422616688,-0.0337097422218187,-0.00536989611178317,0.0501227171343008,0.0644887062853751,-0.0421900395011885,-0.0834000468685482,-0.107073193811647,0.119756486808549,-0.14156575590367,-0.107281927911031,-0.0308345463678738,-0.0650500780713223,0.0868445790869776,0.0709568710239701,0.115373125480877,0.00703861312213182
Anaerotruncus_colihominis,-0.0218848147949063,0.00880645821368209,-0.0901301951715898,-0.0382236867076223,-0.0503837935559957,0.0178552897314921,-0.106501436185302,-0.0593952476723443,0.0258669717371262,0.0978086989624346,0.0710964684502072,-0.141722229200949,0.107012224962228,0.00594658008925278,0.0712894025391812,0.0224847332822667,-0.00949916584435716,-0.0542884254728776,-0.0700330865744568,-0.0852762524003068
Asaccharobacter_celatus,0.0820850825028976,-0.0287885280771666,0.0165167357703,0.0216458332419911,-0.0125022728393248,-0.0122716273905329,-0.0184098640459116,-0.102090052219201,0.0117307020916039,0.0906784887974686,-0.0678777267942249,0.0155934926958508,0.0436385848782285,-0.0333399954280225,0.0205968017197245,0.00874061044077673,0.114770839438112,0.0146398865108801,0.0336365323048623,0.00583696809675727
Bacteroides_caccae,-0.0251267034460028,0.0215278006324608,0.0216957168044463,-0.0367205028277651,-0.00554026420368881,-0.0291101152588164,0.0367506773275501,-0.00336811205359664,-0.0283410544192925,0.050446478753799,0.0565475871223245,-0.0776180958439382,0.0525827803622277,0.0552702151314335,0.0202079813913074,0.0900227279547857,-0.0678930604127011,0.0118789842843165,-0.0528067814769815,-0.000343697748136982
Bacteroides_cellulosilyticus,0.0494924640160354,-0.00194170553682536,0.0227531213967241,0.051875965680054,0.0379321319276531,0.00940040300658917,0.0255352176259774,0.0596059046064033,-0.0282300893267471,-0.0200249187785724,-0.0426833468294146,0.00145753694322998,-0.0583297260080611,0.0146237660949246,-0.00774750742494965,-0.0146955951449512,0.0324908155388028,0.0273797164301874,0.012198832137031,0.0389885594572518
Bacteroides_clarus,0.0741464083865853,0.0198912450846323,-0.0400265872488655,0.053312776806104,-0.00115259015323219,-0.0144799232921691,-0.00152002484951917,-0.0346410056990434,-0.04657304850873,0.0219704848571901,-0.0584484838450683,0.0352804563944358,-0.0426922118433576,0.00853286092325942,-0.0334734933780513,-0.0856091890235233,0.00452413349498028,0.0439367666591705,-0.00470865380221171,0.00533060228994163
Bacteroides_dorei,0.01036880025334,0.0346770453640709,0.017489766446765,0.0224893961335233,-0.0193998764199358,-0.00655755879459163,0.0342681495782899,0.0117760492711086,-0.045861760854264,0.0144127015220706,-0.00143716624283655,0.0237445846666532,-0.0213757550607726,-0.00495867553193249,-0.0153225120430516,-0.081048598364942,0.0442167865559836,0.0110775951581607,0.0572028561897014,0.0181769023153853
Bacteroides_eggerthii,-0.0142394146479536,0.0326993081002081,-0.00395207613351159,-0.00488742442887499,0.0320942329886403,-0.0184526637471065,-0.00979722674544321,0.0517989625854982,-0.0252343534329741,-0.0298160137549808,-0.00790471171265421,0.00217100036743508,-0.020477243334873,-0.0107588323802176,-0.00214865643561705,-0.00810280041193084,-0.0307511584362231,0.020494559052865,0.047563051171066,0.0445413587431698
Bacteroides_faecis,0.0312219605289784,0.0397182044610238,0.00723827303275269,0.0605790148412673,0.0586998938173834,-0.019252541595153,-0.00652485869073823,-0.00841270768011951,-0.0562982492018251,-0.0117182764509261,-0.00846154752703218,0.0216127684886508,-0.0633704693943094,0.0128307861682448,-0.0085373384374061,-0.00527232168948759,-0.0102103803775328,0.0273674879118303,0.0252080020853466,-0.00384679434077306
Bacteroides_faecis_CAG_32,0.0367962706164274,-0.0289797005288544,0.023807784170594,0.0461716606406872,0.0402751366070133,-0.0188495691743582,0.00366782212128641,0.0516362644854403,-0.0195271619149757,-0.049487025453836,-0.00230002515570927,0.0344498949716422,-0.0161947344595273,0.0433194719066994,0.00682606047389187,-0.00329393427137975,-0.0306923641375108,0.0169814753097307,0.0507524586378266,0.0345253376933569
Bacteroides_finegoldii,0.0627035443892109,-0.0109247357399191,-0.0695155245227649,0.0726303303502509,0.0112141677940955,-0.00560665508799451,-0.00451779133206657,-0.0276806919718459,-0.053688676412384,0.00428030139731722,-0.049483655123393,0.0345237690918561,-0.0581330991737268,-0.0760246637756168,-0.0724366320232931,-0.10256516852879,-0.0181628027482641,0.0662765607777963,-0.00666500547314984,-0.0680196289831487
Bacteroides_fragilis,-0.000830439505502538,-0.0891685614093391,-0.0283636309118867,-0.0193768681887001,-0.0352823924929047,-0.0180813721615523,-0.0315726066074364,0.0124701470678505,0.0759733432284595,0.0315160805227543,-0.00845338670583326,-0.0447045178168485,0.0259821406238725,-0.0109266776564827,0.0364174398511161,0.00780632001913902,-0.027283434175748,-0.0503498865556085,-0.0027958119399739,-0.0104328362408303
Bacteroides_galacturonicus,0.0943574952405811,-0.0707656928921003,-0.018840317075101,0.0213798320656201,0.0774945388688898,0.0168205363359495,0.0486961423766953,-0.00924968296305855,0.0158335349632269,0.0411120265571931,-0.0579652184728769,-0.0183155401567814,0.0431996831330591,0.0299703939633094,0.0216499420714556,-0.0152331111892786,0.0186182072325416,0.0743641177701184,0.0510008782867497,-0.0191588869434355
Bacteroides_intestinalis,0.0264216844627977,-0.00999792240346133,0.0278209093018773,0.00127357669234777,-0.014033544682104,0.0668536645036794,0.0629660887570926,-0.0889482804032706,0.000160299335660998,0.0110405609571885,-0.0228528743896808,-0.0166515913226973,0.0289495256203463,0.00762004091909236,-0.02542925602061,0.0100063053360267,-0.0155241273735275,-0.0148781098360744,0.024929201297927,0.0187847990826967
Bacteroides_massiliensis,-0.00232444477630831,0.0752928611769876,-0.00148249503923491,0.0422461450789719,0.0671213713699236,-0.035620249824079,0.0709202839962529,-0.00337807473755411,-0.0983598676898051,0.0171839007598569,-0.02470990936304,0.0259722658233956,-0.0948332834980155,-0.0056466587486601,-0.0571227913292204,-0.0470503358555216,-0.0187523859695307,0.0634822477121408,0.0671389359677066,0.0130285159295568
Bacteroides_nordii,0.00941473627232809,-0.0607274223869156,-0.000291767778850042,-0.00632897659590688,-0.000268155546754804,-0.0322033218101093,0.0931006621153815,0.0546736902039471,-0.0394017011374453,-0.0698084015036311,-0.0552087210636998,0.0150497904645592,-0.0394097010802922,-0.0291274977047082,-0.0688626918124866,-0.00259576126987337,0.00437660698466015,0.00922921544961011,0.0149823254773763,0.0709481742567466
Bacteroides_ovatus,-0.023707638242575,-0.0245798514744638,0.0958842066558598,-0.0253586340318534,-0.0295398137773609,-0.0187272393267689,0.0780605537200094,0.135178280894471,0.0217364946377126,-0.0478053587580986,-0.00442607577800144,0.0329575518891824,0.0459166187748381,0.0280262548447632,0.0246298283227077,0.0137426815717801,0.0289683252164168,-0.0267240842725336,0.0242466388113822,0.0161822836136129
Bacteroides_salyersiae,0.025373208455397,0.020609843384057,-0.0297266320836152,-0.0150676011146037,-0.0259473430481282,0.019753418505291,0.0214992106171713,-0.0266987596550249,-0.0262473487224592,0.0134943543198069,0.00210798672338264,-0.0139408540913123,-0.00813693015788835,0.0277099813269809,0.0435556080769874,0.0110418185077468,-0.0184486402113992,0.0394468194651049,0.0136955498114611,-0.0826955537650305
Bacteroides_sp_CAG_144,0.0624196466376544,0.0700026247822037,-0.00227880689376533,0.0509403305669644,0.0763955964434507,0.0100751618178146,-0.00401060223572176,-0.0660313930128303,-0.0728543898210668,0.0876255946354474,0.0224700382975275,0.00150325537031484,-0.0537983079853225,0.0159602123783619,0.0608098130873137,-0.0256514177146632,0.0355953828820353,0.103987563803826,-0.0242074901167367,-0.0615997471142277
Bacteroides_stercoris,0.00520015855870215,0.0167689114081252,0.019714449839087,-0.0350986176167826,0.00413161749450461,-0.00658643561061911,-0.000129154309569393,0.00424755823542985,0.00557355524207448,0.00151035915913863,0.0154745635635368,0.0230162774197443,-0.003842665852194,-0.00124723356342119,0.00441954020026927,0.0388392718624654,0.0269448154702151,0.0508054785569737,-0.0264781784178001,-0.0199553721727805
Bacteroides_thetaiotaomicron,0.0171743812548945,-0.0105386625023397,-0.0192858099735681,-0.00739960450874191,-0.0766943005988379,0.0072383210931201,-0.00663130552791057,0.00269305499252952,0.0473214846005506,-0.0186386633816795,0.00993110876515056,0.0529444084691983,0.0474363919723304,-0.0412799885307292,-0.0138295869908107,0.00182288837152286,0.015023506831097,-0.0331812926031716,-0.0298540715277048,0.0524139086840301
Bacteroides_uniformis,0.039094975216657,0.020191576326722,-0.0114344676883494,-0.0361468410234104,-0.0397430414696305,-0.0179511318796055,0.0101150161243972,-0.0012022290538124,0.00753660273498818,0.0394086888674672,0.0370435640400876,-0.0221590742863852,0.106616235645178,0.0413269604064533,0.000315780543789051,0.00832530234769231,0.0491901766690977,0.00207535771454253,-0.00506725026354628,0.00825026940289337
Bacteroides_vulgatus,0.0305347534944837,-0.0153516900718539,-0.0615736365745225,-0.00158490558116748,-0.0277232982450117,0.0189461402956302,0.0108354059211452,-0.00985310777008833,0.0233589165641051,-0.0183120037636608,-0.0368878320880909,-0.0357499058566295,0.0102572976676739,0.0210409533364445,-0.000387121098913663,-0.0160475363106902,-0.0256427946268437,-0.0250768373966621,-0.0521838017939142,-0.00997108839261739
Bacteroides_xylanisolvens,-0.00459111346597586,0.000320235140551178,0.0198765131324815,-0.0221159427247705,-0.0196367165868085,-0.015913869790182,0.0179384101335842,0.00725030438919206,0.0221033059647593,-0.0402390021090458,-0.014377209769339,0.0322574296946661,-0.0134467306541111,-0.0204024656140052,-0.0225753472307066,-0.00613564050003628,-0.0464548541643114,0.0116462287707775,0.0119684611168757,0.0438755662672947
Barnesiella_intestinihominis,0.0702736172115772,-0.00275412523748642,0.0141023691067702,0.0183584266637405,-0.000124431985456307,-0.0117942014672313,0.0367129227852651,-0.013623808043205,0.0128561419961606,0.11224609960031,0.00327013147327329,-0.0718614823713468,0.0390997208870741,0.0407879190135105,0.0792276665270041,-0.0209056995503883,-0.0267403226369798,-0.0237324069166491,-0.0183994638459229,0.0109262607171213
Bifidobacterium_adolescentis,-0.0288915967114229,-0.0231040398636078,-0.0271425155830053,-0.0912128164141084,-0.0123687825983883,-0.025776238731101,0.0933479778511316,0.0541339898766495,-0.0153332273029603,-0.053391674076744,0.040466530817309,-0.0338242096331521,0.0115043846780743,0.0614806854845096,0.0271223474064141,0.0836259745642448,0.000454573854071086,-0.0205679805337093,-0.0766585437274168,0.0558328049659166
Bifidobacterium_animalis,-0.0187258358243077,-0.0235822862744456,0.199389710233721,0.0600518784241717,-0.00397144722623388,-0.0256215437380317,0.134685924936792,0.00229980816052104,-0.0714622703878357,-0.0489287729925179,-0.123910588655058,0.0949217672706361,-0.104554142241745,-0.0652385384760073,-0.095248559766117,-0.0905562403303969,0.0443471871449736,0.00641127160057013,0.0647690482157169,0.101371679084438
Bifidobacterium_bifidum,-0.0959921777874895,-0.0139283499902361,0.0400752042255593,-0.0258822038741657,-0.0744246318745764,0.0325009563691837,-0.0287750612892311,-0.0272467717265185,0.0553072406658112,0.016664889266437,0.0399304337534239,-0.0983644998047497,0.077731757690321,0.00647118730713055,0.109996816172925,0.0945805201692442,-0.0328416507525083,-0.0342571401137972,-0.112607255463329,-0.0142004542040801
Bifidobacterium_catenulatum,-0.0433023553955373,0.0371006955138678,0.013378679727314,-0.127164064497189,-0.0498853301000533,-0.0381985443480873,-0.0301137542873103,-0.0386225955073973,0.0502413744044291,-0.0199555648954344,0.0481080424904456,-0.108702164400634,0.0597834977876981,0.0483399964468459,0.0386013081914012,0.147410718658536,-0.0978506359293279,-0.0417967911964803,-0.0902216009205334,0.0365154685157574
Bifidobacterium_longum,-0.0201727441913524,0.0180673737886142,0.0378771277268004,-0.105759141315403,-0.0853039914478773,0.0305186041209538,0.00555326454868141,0.0467443115566636,0.0354335258961874,-0.0704636387605864,0.0592445188619144,-0.0659898323146798,0.0162824993068068,0.0444178131560935,0.0627081073113573,0.133841889914256,0.0904933866202218,-0.0329129826885892,-0.0828005059011058,0.00054217482538572
Bifidobacterium_pseudocatenulatum,-0.0460619312439303,-0.00969942269918509,-0.0824692390636733,-0.0303707696157873,-0.016539252438127,0.0596976892466649,0.0597381101341458,0.105151097215937,-0.050055687753831,-0.094742526927101,0.0144995057120844,0.0629852221425234,-0.0417508749835421,-0.0213133420611409,-0.0454919735168384,-0.0185429706259684,0.0525837993577566,0.00779442503922744,0.00955943681096632,0.0537740976310771
Bilophila_wadsworthia,0.0311344452637207,0.0394315078942806,0.0184606825097253,-0.0155683933456867,0.00923061997742763,-0.0589461473331458,0.0053695075083297,-0.0494027789299627,-0.0130803828570496,0.103174195558323,0.0354581156581155,-0.118859575146526,0.0469365183772194,0.0786587966757925,0.0822916872925388,0.0876455913825799,0.00388813832191062,-0.0235835843709435,-0.0406305235537739,0.00449412921541963
Blautia_hydrogenotrophica,0.0545317180852983,0.0265057467209862,-0.0261702449444188,0.0165098830662811,0.0310095615355682,0.0468062870767343,-0.0687405343059864,-0.0117626034502959,-0.00865351397705105,0.130270582220181,0.0137827119574936,-0.0664931030511614,0.0319047726838138,-0.0359107348702748,0.0786668378970344,0.0289392627143909,0.0455412743523477,-0.0287341814497151,-0.028223351755022,-0.0191786351281139
Blautia_obeum,0.0192046632254586,-0.0173879829376182,-0.0531636186031527,-0.00260028006303934,0.00179562100263229,0.0317675815693647,-0.073912872788848,-0.021923611509382,0.00350176301798225,0.00678156693594885,-0.00858822490483785,-0.0278071486980735,0.000598404196701658,0.00538785031801407,0.0266275555921001,-0.034179582055005,0.0330408596131151,-0.0246461236810241,-0.0363626077047679,-0.0289330752647633
Blautia_wexlerae,0.0345484690962071,0.027489757567317,-0.0478729766413698,0.00474588880095707,-0.0292692496818784,0.0197973602265245,0.0583310675461581,0.0203132553460533,-0.0217344569492657,-0.0530259388634553,-0.0118726892175975,0.107388814321414,-0.0177662251090868,-0.00611667001249132,-0.00638569588204238,0.005347251004976,0.0131768078760548,0.0293020147656273,0.0187035316470155,-0.0244887677813793
Butyricimonas_synergistica,0.0976450160123026,-0.00186596505466854,-0.023220824269352,0.0814533764725754,0.0478782903108041,0.01384144772472,0.0407927471217497,-0.103755525732077,-0.0758547513947823,0.0925144252300724,-0.0277318060975065,-0.0664114981189444,-0.0419578686635384,-0.0222458948214419,0.0613929289297252,-0.0684440434497056,0.0523761058549581,0.0572571603888125,-0.0348446839839499,-0.034677336821094
Butyricimonas_virosa,0.0556460711107644,0.0321186853160384,0.0172619725052267,0.0527613119723375,0.0147359447981827,-0.000887600805136548,0.00947918320483435,-0.0873492767356641,-0.0363760491059918,0.0872924630103431,0.0154870055933638,-0.068099286776072,0.0222105341065591,-0.0100520539139303,0.0523445205610747,0.00474161559735972,0.0305462517460749,0.0256870694717145,-0.0338297437860339,0.0372481595934746
Clostridium_asparagiforme,-0.00116339094964753,-0.0148567759106178,-0.0589900540503929,-0.0333108636283957,0.00203027304631292,-0.0122692682176104,0.0109325860493295,-0.0105010242875263,0.0486143926032474,0.0258408573290845,-0.0432591784939685,-0.0442534281653375,0.041662155513879,-0.018424158716526,-0.00296645085551329,0.00696942810413596,-0.0140727318840467,0.0198722155589145,-0.0412486985791439,-0.00265969890495702
Clostridium_bolteae,-0.0327077604373079,0.0163105843670202,-0.0886354126712294,-0.073510503924569,-0.0376400822505944,-0.047512213876997,-0.0623154846287927,0.000564689920658123,0.0354166421183312,0.0532531101513412,0.0368399571483891,-0.133774631772403,0.0604532693743652,-0.0100558577412121,0.0558016934229931,0.0318221777741233,-0.0482394754094265,-0.0541891601510276,-0.0469819236981537,-0.0589718816782656
Clostridium_bolteae_CAG_59,-0.0942527050864971,0.00858291687503171,-0.0726946769566096,-0.101445916839653,-0.0321729815343353,-0.0220147949113903,-0.0657766954503308,-0.00463029564101425,0.0365076989995733,0.0501383864319084,0.0232224347341863,-0.0966043031073749,0.000693208547780265,-0.0142997638527164,0.0498476290224518,0.0587418149964652,-0.059313846677357,-0.0428089392581291,-0.0529357606904304,-0.0334638087160221
Clostridium_citroniae,-0.0645984680703767,-0.00812452004756088,-0.0506540236053152,-0.00481094025296852,-0.0435621168754286,0.0094008325336615,0.0260949947966197,0.0249947105758263,0.00667675976930256,0.0386440386664858,-0.0189003252623576,-0.0773945367082918,0.0807799540744698,-0.0328816347407469,-0.00187704566489233,0.00970649163674312,-0.0996731490048003,-0.0655209565970783,-0.0143120824933969,-0.0667707164541329
Clostridium_disporicum,-0.0336088200836734,0.00240092388934925,0.0833970856546881,-0.0128204673468681,0.039857201909177,-0.0271544063458736,0.00547768441830591,-0.0360069107705882,0.0149127060170222,0.059688618041437,0.0552423057438194,-0.0677952168436046,0.043181717406638,0.0287048149141832,0.00424105441941387,0.0539553952972968,-0.0548521698509747,-0.0449839889652934,0.0115747993801334,-0.0109009367266952
Clostridium_innocuum,-0.0696880979252027,-0.0275347215724637,-0.0161778275947873,-0.0672182911723713,-0.0430101410491352,0.020614093210613,-0.0513759373375139,-0.0505258675914403,0.0343752119568422,0.0800177581607585,0.055399442553016,-0.137261983684451,0.0994153851431217,0.0381081115292661,0.0763929538538878,0.0775579451671084,-0.117671405501617,-0.11257657662409,-0.0992085086948452,-0.0792934524278166
Clostridium_lavalense,-0.0168773479504809,-0.036484437182167,-0.0509854534947551,-0.0224853234636291,-0.00730522605786787,0.00730181506955743,-0.0682773850284792,-0.00989449886555653,0.00604533014491743,0.0911812263603041,0.019173680194861,-0.082181327319504,0.0513717970805061,-0.00299701496142293,0.0126923210838047,0.000377774174893266,-0.037140168983241,-0.0412090961497124,-0.00111127185743753,-0.0618508368908181
Clostridium_leptum,0.0198150964509371,-0.00518763633925397,0.0261865424749061,-0.0549571870647902,-0.058273404303448,0.0400963337300722,-0.065410681998948,-0.0452946757291622,0.0891021924561663,0.0770246813619284,0.0915995383329764,-0.131046473221409,0.138756392633384,0.119415751735363,0.151806030933068,0.207956271992387,0.0575645099923047,-0.0225243729845941,-0.0628179462520567,-0.00642120658578559
Clostridium_saccharolyticum,0.0770298628489849,0.0146421160166553,-0.0315957731010258,-0.0455714345704292,0.0230676952322297,0.021533341675689,-0.0382352835312982,-0.0941096046851308,0.0289854904414703,0.180936466377252,0.0594194118218714,-0.117050141149066,0.0557505167047088,0.0697655094834102,0.0378971124741575,-0.0136126361391243,0.0174849093773923,-0.0172921989864288,-0.0385650840066851,-0.00904329762061409
Clostridium_sp_CAG_167,0.0756515524235861,-0.000620869212458207,0.0296462386253988,0.0316863553524722,0.0583977405152417,0.0304978449010966,0.0124026308318318,0.0276496441035482,-0.0453420526947928,-0.0555986694216517,-0.0511690480884818,0.144559802887069,-0.0749071275061893,-0.025186619995732,-0.068638643084573,-0.00952159877268831,0.017006117920487,0.0374300293984242,0.0470070676677067,0.062396680338325
Clostridium_sp_CAG_242,0.057474225589045,0.00808073415565947,-0.0284585714668759,0.00300544631156668,0.02811978884558,-0.0466596604143629,-0.0567730517057,-0.12221841715218,0.00851450726363098,0.0982430911264491,-0.110534150779495,0.0167429110927269,-0.0628496337799771,-0.0379505218684184,-0.0115701063549921,-0.077223085903863,0.00383627563552602,0.0118280312566165,0.0288243444706814,-0.0429563661559434
Clostridium_sp_CAG_253,-0.0527612205616887,-0.0267479678268091,-0.0532038173198692,0.0110244468713444,0.0713174825872261,-0.0629115445441155,-0.00522027907382594,-0.00469362667974886,-0.0517499549041546,-0.00298168720701028,-0.0389538486975096,0.0443875137329207,-0.0523773362714189,-0.0153580119361817,-0.0635555104032106,0.000326470386103324,0.0120363996181443,0.0252158954124121,-0.0213945827533335,-0.0310511164153805
Clostridium_sp_CAG_58,0.0627180576393308,-0.00240456182742601,-0.0492861005423279,0.0470001682665093,0.0526748454982019,0.0313216671730915,-0.104849754279555,-0.114250792679846,0.0206477625980687,0.199359209998771,-0.00564736764341028,-0.0566280761532242,0.0869944572804637,-8.65254321893947e-05,0.0416136953978512,-0.0275112108736274,-0.00235343221328759,0.0354497515205472,-0.0165567322126958,-0.0619241531335825
Clostridium_spiroforme,0.109829705267565,0.0148786150472795,-0.00527104528492457,-0.00033409670077488,-0.0209578983198287,0.0240332717848865,-0.136690462118714,-0.103955158459671,0.072916975565636,0.100447334531372,0.0653142558032135,-0.112729518391943,0.0691345875216636,-0.00220253360383382,0.103180610992544,-0.0112621738840942,0.0464897468748745,0.0321673932763487,-0.0878058364182372,-0.0474978468392776
Clostridium_symbiosum,-0.102281815299348,-0.0315140669267225,-0.0385921233481543,-0.0766799843247477,-0.0258976159037521,-0.00903180774112593,-0.0520342312137387,-0.00747304854991443,0.0628766143638142,0.0532512924603272,0.0215512241735449,-0.160136898116365,0.0757788335329854,0.00706680582434534,0.0505853267811197,0.0598816693183947,-0.0705766232478722,-0.111126586906907,-0.094004433857098,-0.0899440435114062
Collinsella_aerofaciens,-0.00331187697907911,-0.0204903657866936,0.0216925330827975,0.0463793978533134,0.0327350300203116,0.0263109060621305,-0.0423005161667818,-0.0292234158694857,-0.0431551366736359,-0.00458072872667807,0.0165321278475816,-0.014273639371712,-0.0382260343491545,0.00468172554341156,0.0864563528364465,0.0248464996844802,0.0590206962327044,-0.0294000990716473,-0.107359424052058,-0.0376137491424327
Collinsella_intestinalis,-0.0169303031870071,-0.0370050484553274,0.0121163754639181,-0.0113669717321421,-0.00690917539281039,-0.0136770602041307,-0.069580292779283,-0.0417422846349587,0.0084254753949788,0.0206424233722917,0.0483928193415595,-0.0491600026681943,-0.00623559525171435,0.0468067782516488,0.0695680879806223,0.0676153872395923,-0.00754245712803126,-0.0235160125660216,-0.0963143518877106,-0.0430247909089369
Collinsella_stercoris,0.022209879623542,-0.00591527166815706,0.0136330730743085,0.0782523106395259,0.0496043943764061,-0.0079974487666589,-0.042524303734438,-0.0249359795017602,-0.0642962894602022,-0.0150755930892082,-0.0021514835345236,0.0657869158243085,-0.0734856319369508,-0.0136827364683102,0.0196118427701326,-0.0268222922087366,0.0646821670367115,-0.0165891828944527,-0.0939820750483517,-0.0266403316940668
Coprobacter_fastidiosus,0.104579797251612,0.050830683765428,-0.00562100435825097,-0.0280930314168432,-0.0363724908825537,0.00612506275523597,-0.0577622240373362,-0.0278319461337298,-0.0498894991793719,0.0215127436382778,0.0675512956987279,0.00532632606005733,0.03751003213471,-0.0076618185515808,0.027174911124093,-0.0227251198717904,0.0124353293446612,0.00757929204881271,-0.0320429404863367,0.0118528073171273
Coprobacter_secundus,0.0560942145296818,0.0459736304390614,0.0182000949546359,0.0410614085312879,0.00145153231188237,0.0171642360387379,0.015901399362239,-0.0165601606630972,-0.0716416951948908,0.0288189268870982,0.0188090187508814,-0.0181280416008193,-0.049554455835165,0.0486207579725358,0.0364022444685479,-0.00891220922462125,0.018463085985386,0.0336360757572468,-0.0163859998859425,-0.00584527543762975
Coprococcus_catus,0.000433308389483914,0.00325327301114348,0.0267246829389488,0.0459096819970693,0.00476050643971391,-0.0444695077801881,0.0958897620190999,-0.0103906236691764,-0.0440301453409343,0.00365477745757273,0.00801783908192376,0.113852756521463,-0.00956137992705792,-0.00478372648674833,0.00250249594926502,0.0142521919163626,0.0671534769905619,0.0606238404336562,0.00329331165996703,0.0472466341903022
Coprococcus_comes,-0.00618476728033651,-0.00141065122281142,-0.0129360491589418,-0.0066152905265709,-0.00635449267119061,-0.0316168186516406,-0.0452696900079077,-0.10339496195624,0.0237413405048494,0.095437040262615,0.0256939473584327,-0.0392847760989726,0.00933058616861204,-0.0124166738834897,0.0379405157807194,0.0263194680979116,-0.0222120964977225,0.045333770387942,-0.0400875814551156,0.0087892309835627
Coprococcus_eutactus,0.00867058221672221,-0.020883072225343,-0.0104255003033362,0.0168917210698021,0.00690568518390275,0.0193167439074154,0.0673819731486952,0.0400676750327642,0.031244702272996,-0.0873783851824111,-0.0672118450011463,0.0315980516564396,-0.00184866279786518,-0.0121019234444189,-0.00355196502826538,0.0182390849793202,0.00439974291173948,-0.0200008817442516,-0.0211398839309213,0.0601788286576119
Desulfovibrio_piger,0.0120346290666688,-0.00559432606127887,0.0128501286280961,-0.0021585481674711,-0.0126150466311626,0.00861695365357983,0.0338684975848792,0.02799371583339,-0.0302367387780669,-0.0730038712181721,0.0536845772782823,-0.0578899068711841,-0.0125849849266148,0.0206243799094831,-0.00482140889124222,0.0192349163578604,-0.012934881593802,-0.0827900929190263,-0.0250492278385649,0.00413489460863906
Dialister_invisus,-0.0526784963254071,-0.0274434801629132,0.0619817483927529,-0.0543616356772058,-0.0118387419563971,-0.012823894372285,0.0532351008216229,0.0306932482499885,0.0735223676878661,0.0361548186791633,0.0691444418101227,-0.0444170673226207,0.036351504211165,0.0745139167927905,0.0560705529671279,0.106452235150644,0.00300267908711458,-0.0143444438223012,0.069345088124837,0.0733509178553338
Dielma_fastidiosa,-0.0344573225888462,0.00445140282692062,-0.0289104493355465,-0.0233566079990873,-0.0225308233588547,-0.0173598491597964,-0.0341035894157332,0.004106096106779,-0.0402203352979623,0.0658719433326343,0.036074212892461,-0.0771974929110184,0.0191334427963326,0.0172816354666662,0.0846298419289813,0.00148600596035967,-0.0702649988464163,-0.0384585079356116,-0.0397045009406318,-0.0618473190437413
Dorea_formicigenerans,0.0141966589371969,0.0226468850393404,-0.0637143186324531,0.0719751142076133,0.0243027116680576,0.0083835061562114,0.0587355760484866,-0.0377618349467592,-0.0440271710294026,0.0742968926773161,-0.028898620709577,0.0892782244247864,-0.0318464080285963,-0.011039766055842,-0.0471343121380322,-0.0424186090730403,-0.00992790086789197,0.0336709887088459,0.0157027289253561,0.0197854052491944
Dorea_longicatena,-0.0405469087922003,0.039414606439178,0.0586042147923071,0.0463822148871107,0.00753166704086194,0.0507564755731164,-0.0081264203665002,-0.0470934130424867,-0.0618559776230668,0.035835036508853,0.0186893072538179,0.0431525589581452,-0.0361770842003951,0.0476799725559883,-0.0048343015859291,0.0398326641324178,-0.0508466637710593,-0.00288895147864211,-0.060395633115053,0.0176511747362226
Eggerthella_lenta,-0.0373601419088342,-0.0470965572902311,-0.0573303300238125,-0.0359187897318881,-0.0470646692499814,-0.0110233379169697,-0.0495206073150447,-0.0651874152410895,0.0395820198067373,0.0729154980998537,0.00200923647580714,-0.11050284424734,0.0960158944350051,-0.0276981380591633,0.0750023448581374,0.0108413387824991,-0.0735740220601584,-0.0771367367997671,-0.0623770953955351,-0.0384682529204233
Eisenbergiella_massiliensis,-0.014999404350543,0.0418355243591656,-0.0192451197581086,0.0390247590698167,-0.0105124900522448,0.027111195571908,-0.0877882478991078,-0.0468135423659118,0.000108872468076434,0.096728718564113,0.00902085107927051,-0.0885332843642098,0.00680663355256206,-0.0654341604601247,0.04717381119834,-0.0262441281800684,-0.00329468893061303,-0.0477068438208052,-0.0248074481426666,-0.0228686106724977
Eisenbergiella_tayi,-0.0372935623526836,-0.0519318620422045,-0.0372291068442484,-0.0143164340445058,-0.00884966899526318,-0.0125511956511263,-0.020742755424763,-0.0404493058040377,0.0580182243768527,0.0870791312996496,0.0338118697813207,-0.0881500975631726,0.0501994344903366,0.0271357259992582,0.0659600576879636,0.0295195324101597,-0.0141410003109126,-0.0399544450644301,-0.0865170438502691,-0.0540115923900687
Enorma_massiliensis,0.0871969664578528,-0.00761214706497625,0.0123654265665472,-0.0121233019864128,0.0194569480381151,-0.0198216083373481,-0.0500028896174852,-0.0304174572076677,0.035173174731446,0.0115022834185916,-0.00299579920587227,-0.0475930730249968,-0.0284407914112904,-0.0268362159003203,0.0236718325827665,0.0277681148867085,0.0782155831433273,-0.0388347623035014,-0.0351983232216309,-0.0937887935328374
Enterorhabdus_caecimuris,0.035024577413118,-0.0485963801902812,-0.00980466843653808,0.00426054134039008,-0.0156900992402002,-0.00313426403505045,-0.0214328984145033,-0.0756544744188256,0.00127085320049997,0.0787182682650208,-0.0962512477386424,-0.00748488173497208,0.0260388355168684,-0.0184928472258829,0.0241590106889963,0.0118955098191632,0.0824161596361767,-0.0131322225109303,0.02569106142393,0.00249152869776696
Escherichia_coli,-0.0197787448283219,0.0086853199870381,-0.0396681153603342,-0.0170169398507281,-0.0335861394104109,0.0260418885052477,-0.0616961418351892,-0.0615003208186947,-0.0066403381840623,0.015055723748077,0.0351213433472659,-0.153273118954996,0.0392786867817606,0.0428331432898423,0.0466366343584833,0.00448287305091141,-0.0672409424123503,-0.070851966486921,-0.0871459321093712,-0.0616284950827883
Eubacterium_eligens,0.00850031592868321,-0.00424686236511066,0.0363586481457568,0.13364491427998,0.0836037612973943,-0.0177198274361017,0.117420098088836,0.0664136802027787,-0.0457529583768864,-0.0246119837281062,-0.0866221346469924,0.102626845479266,-0.0806598988981297,-0.02088278984332,-0.0505386857700292,-0.013717511732434,0.0281821649409156,0.0611766749443313,0.109421361307055,0.0733403069930904
Eubacterium_hallii,0.0357877086804575,0.0231866868541345,0.00785747861053002,0.0248496813919519,-0.0100595821631877,-0.0341677598156328,0.057972736392251,0.0762038031668804,-0.110835200281702,-0.0291751436045432,-0.0119019884276927,0.159940767351541,-0.0947513324761394,0.00646330513599914,-0.0658182719232796,0.00290286178593085,0.0624538066618685,0.0461267478941386,0.0550721206506234,-0.00961252738716836
Eubacterium_ramulus,-0.0051024948159552,0.0122860864462168,-0.0101697008650003,0.0153757561443188,0.00580827314978789,-0.00923180417003463,0.0589828638903456,-0.0392199703997194,-0.0153223793669855,0.0427803690635943,-0.0568383044551744,0.094024462829249,-0.0477582103676091,-0.0696376843336046,-0.0355038977486513,-0.0453900412784502,0.0243355230956217,0.109141911165289,0.0380514512470664,0.0211176875723394
Eubacterium_rectale,-0.0425726058701239,0.0341583151829474,-0.0250203870205099,-0.00969714799993662,0.0349232895507687,0.00321920870316162,0.0114888757204609,0.0486328070582656,-0.0190743312597657,0.00563393438632147,-0.0224830773131351,0.0117495180485164,0.0149946661141538,0.0373091544884405,-0.0123698654617696,-0.0118146661253433,0.0145903414077432,0.0164647523418529,0.00418816890664981,-0.00543650117040568
Eubacterium_siraeum,0.0404282257807393,0.031883521806479,-0.0169544491018204,0.00770820984191948,-0.0167656648774527,0.0429253689744629,-0.0426289382091747,-0.0158955109712195,0.0285551398710009,0.0334188584046769,0.0614421863297802,-0.0194087178511933,0.0316655981815879,0.0195054305809937,0.0455673010557425,0.0839947490889155,0.000778061990838513,0.0054732091013644,-0.0446832854781676,-0.0224361903791648
Eubacterium_sp_CAG_180,-0.0124779263340978,-9.09463525766491e-05,-0.01872789180162,-0.0425468756375484,-0.0480420142848856,-0.0560515427951349,-0.0258314440740477,-0.0113927928604432,-0.0261177692041418,-0.00586867599896812,0.0730213885435678,-0.0353625147420568,0.0429777485366727,-0.00455196026625223,0.0237136744852789,0.03668969299552,-0.0376080116286821,0.0475061093345732,-0.0323713571295788,-0.0312919307620863
Eubacterium_sp_CAG_251,0.0121636514550916,-0.0534636898400989,0.00625317236728238,-0.0219098098402418,0.0153858102748929,0.00454661782645652,-0.0355779215679815,-0.0260637665046716,0.0322363076326397,0.0373858869504751,-0.0168291110713336,-0.00228719723347486,0.0434158387689371,-0.0137972100607928,0.00220422363049717,-0.012793706627364,0.0398461639625508,-0.00303322247503175,-0.00172028653860322,-0.0419427058907828
Eubacterium_sp_CAG_274,0.060985474323842,-0.0347453161794153,-0.0201123622889256,-0.0405682730453281,-0.00816605829945319,-0.0237573504593555,0.00998196697895314,-0.00978690286870191,0.00480919850864048,-0.027286190088883,-0.0337512711912181,-0.0197387219849435,0.0207855709197933,0.0468279257258686,-0.0700762935114926,-0.0618123695340005,0.000403824377081179,0.0271783411706133,0.0519606706226929,-0.0113929638612103
Eubacterium_sp_CAG_38,-0.0248313104629273,0.0162756318765348,-0.024415007778645,0.0332466539812474,0.0125012624064382,-0.012738961312526,-0.0144455454648891,0.0905893718286202,0.0439806748996093,-0.081580152491862,-0.0696609993579665,0.0969936212355565,-0.0681600063922962,-0.00870328577776773,-0.0423989673603065,0.0137142745009378,0.0734154001648977,0.0863843459658392,0.0544091667123292,0.038927381167195
Eubacterium_sp_OM08_24,0.0499977387579912,-0.0391996061206604,-0.0491792589269337,0.0199809172559276,-0.0306514947486536,0.00733562002222835,0.0376503828645028,-0.00906196210742147,0.0561612227000755,0.0320328411286915,0.013087183598246,-0.0383964502305924,0.0501628830943942,0.0555934914118294,0.014997225052578,0.0259735050620266,0.0758561329217492,0.00819100411231185,0.0154159883723605,-0.00842485602960237
Eubacterium_ventriosum,0.0427529036065156,0.049088613934978,0.0120593357918266,0.00506058932728191,-0.014555329716365,0.0579249198671997,-0.0300384040578123,0.0179614169050054,-0.014555802706269,-0.0398539639770385,0.0520601792728962,-0.0317604295520901,0.0271948069341382,0.0248517332107761,-0.0073029378515739,0.0845098772197394,-0.0129276361112525,0.0189099161707697,-0.022072166167923,-0.0285344896343593
Faecalibacterium_prausnitzii,0.0545429210885945,0.0365534409733276,-0.0231387735534365,0.0515024020784642,0.044399943151347,0.0275249351018637,0.0963564204562296,0.00592730549306943,-0.0409180003327074,-0.0260487701137513,-0.0857938893125613,0.0822695979362644,-0.0623631590656736,-0.00774152664346622,-0.0993602510404081,-0.0198497102773624,0.0342905936323431,0.0916893103664258,0.0672372776498171,0.076214725535184
Firmicutes_bacterium_CAG_110,-0.0339808675091472,0.017446007952726,0.0761569667884293,0.0664367838568694,0.0451259362277451,-0.0312479542346745,0.0151582054530395,-0.0352897966814613,0.0666298078890326,0.0435061585779528,0.0415606443141477,-0.018118215637904,0.0393788455759921,0.0495017615178939,0.0745937892834818,0.121647293824018,0.00865926077962143,0.0250723533891676,-0.0128684750735028,0.00459173518742628
Firmicutes_bacterium_CAG_145,0.080163154638581,0.0344584305775842,0.0511065520424883,0.0299743309394162,0.00091973036072337,-0.0148185695006291,-0.0724692089059716,-0.0611650530638047,-0.0194865649747995,0.0433469749338083,0.0103656662487806,-0.04102551108185,0.0573378291882456,-0.0393844461450722,0.0767107015348391,0.0392635753800074,0.128927239170702,-0.0191276870321693,0.00976324097416721,-0.0685422102696078
Firmicutes_bacterium_CAG_170,0.0432788441586183,0.0170902700117474,0.0405074635899747,0.102403437275483,0.0378534748086559,-0.0596106572493017,0.0611886588703692,0.022601953076795,-0.0663352877571142,0.0210227196712616,0.00625985697437562,0.0979176381215032,-0.0402019795662434,0.0330238215140454,-0.0382027066392801,0.0314345050282019,-0.00415938977375435,0.0113049407212739,0.0304808596217588,0.0338081787072421
Firmicutes_bacterium_CAG_238,-0.0108690983384514,0.0145705503939587,0.0388828046934555,0.0207387673122424,0.0267145262180796,0.00920570772646125,0.0109728582507614,0.0586449537419765,-0.033058412560332,0.0178248749020206,0.00657346079046245,0.0558134804518947,-0.0621462463358038,0.0588536746610217,0.0203746041220917,0.00131840589879584,-0.0223960970221372,-0.000309846875498304,0.0604522539690552,0.0401213249130354
Firmicutes_bacterium_CAG_83,-0.024136472093662,-0.0185661277866862,-0.029765125938588,-0.0327417600099393,-0.0232389326413539,0.0200127365851849,0.0351915131537873,-0.0262796652815908,0.0225919111593867,0.0332847950283148,0.0161451441404116,-0.00944446777572748,0.0118728929319584,0.0334441536231733,0.0291845694903423,0.0462756442525711,-0.019206006187019,0.00923841135297695,-0.0242173500188493,0.026242051293189
Firmicutes_bacterium_CAG_94,0.0833881049651214,-0.00253043014628126,0.0645475182621776,-0.0583793827482042,0.0290881893607174,0.0505113031116866,-0.113978520956141,-0.125292302692597,0.0852052215222004,0.134504836930205,0.0613341077641353,-0.14296314685516,0.115403178127578,0.0771194283874385,0.0843109381837726,0.0867356510179507,0.157708300528003,-0.00686782406113777,-0.0966478313841894,-0.0486548393456052
Firmicutes_bacterium_CAG_95,0.0376443411924131,0.00807934633998032,0.0708569075876199,0.108752378993957,0.0717680677682797,-0.0656234786660478,0.0868478254206464,0.0650936026751513,0.00154714472604148,0.0173649577253541,0.0221152449428027,0.128036928853606,-0.0373533680828769,0.0039521840749008,-0.0510474635276248,0.0656672050273367,0.0244862438511849,0.0877008647289792,0.113826618095204,0.0960796464902232
Flavonifractor_plautii,0.0172962547053507,0.0171621426713176,-0.0696399635246804,-0.0754815455495493,-0.0138316740008698,0.0158310580481487,-0.0938374611638934,-0.0580017660806197,0.0234674450605394,0.0999919261094097,0.061928707694888,-0.120407565602468,0.100147908583242,0.0119254921224264,0.104019196102702,0.0379013501296483,-0.00740197080905093,-0.00660895744747687,-0.0867745620301054,-0.076541977112603
Flavonifractor_sp_An100,0.100593600090222,-0.0114248452373498,0.00540109184904404,0.0732686304520574,0.039264699592492,-0.0109286717103515,-0.0630111963338529,-0.049725381006697,-0.017292136152142,0.0786147024948908,-0.01543119222658,0.0180861499389817,-0.00847394872382041,0.0837406784107106,0.0121275038038653,-0.00914322027134531,0.0806448697832411,0.0892663532950029,0.0709961406842352,-0.069939653653734
Fretibacterium_fastidiosum,0.0145922731961806,-0.0114418922597737,0.0808714713329099,0.0816225932097155,0.0310234193491151,-0.0620249621268845,0.0351172152120021,0.00636789112534825,0.0239693994838251,0.0567665880543636,0.0378012926728923,0.0532283176519198,0.0201630913637471,0.0385802496605273,0.00936002700661808,0.0884255808164977,-0.00508676997063438,0.0406743167624786,0.0524377464198943,0.0213251088102963
Fusicatenibacter_saccharivorans,0.00890189574713029,0.0154709213641551,-0.0484775978228412,0.00962970195323206,-0.0466821221918445,0.0145991429027179,0.00830745322817777,0.00779047328200092,-0.0369924967275376,-0.0300473358352185,-0.0317831648045609,0.0629070322368694,-0.0197973182284047,0.00892789751857775,-0.0365442932703477,-0.0457030930464434,0.0236753464573318,0.0172336814042443,0.0217479212724381,0.0510705170712706
Gemella_sanguinis,-0.0314936011483089,-0.0665220030212633,-0.0300411612346983,-0.0753453803960201,-0.017145745439567,0.00591315389858545,-0.0936000482423773,0.0247580891536673,0.0339755442498534,-0.015984604825316,0.0625735605808412,-0.0478292091680018,0.0471710104738799,0.0171776171403793,-0.0363635352186256,-0.0516069052698191,0.00485514427103794,-0.0569238852040004,-0.0265417660047308,-0.0345232068837506
Gemmiger_formicilis,0.0267707378790465,-0.00341541239264521,-0.0196176294821562,0.0129635208096526,-0.0327234569876283,0.0407556500778227,0.0456624576084685,-0.052041232498126,-0.0113860847047355,0.0549854951467742,-0.0503547406062472,0.0223246731709142,0.00692841396268656,-0.0201499286689909,-0.00909939073308357,-0.0310658534434202,0.0236995017253604,-0.00180315550052839,-0.026343725240976,-0.00560004181025098
Gordonibacter_pamelaeae,-0.0561942011902862,-0.0543603088305654,-0.0140759453975625,-0.0601968929146643,-0.0551062767789362,-0.00275147583362061,-0.00145993057895523,-0.0902055834497364,0.0394397194327264,0.0948512912624997,0.0101250172447326,-0.085405193818946,0.0930679798036436,-0.0139001351141931,0.0812590906616756,0.0328936534622008,-0.00115320321808839,-0.049057420138006,-0.0595800874233805,0.00289962649980897
Haemophilus_parainfluenzae,-0.120980886052831,-0.0615197075684127,0.0564686969273949,0.00374728057100397,0.0146219144187104,-0.00771797080887885,0.0965543121456875,0.102723649900792,0.0615517150325246,-0.106056981602829,-0.0617775289734614,0.0217104572037561,-0.0486185605963736,0.0119871297423914,-0.123334842705267,-0.0343114090638238,-0.0928138196548206,-0.0172382686935424,0.0560305205194715,0.110583087915242
Haemophilus_sp_HMSC71H05,-0.0254732104769503,-0.0654770381252839,0.0470073215103125,-0.0255788244358677,-0.0286003533260707,-0.00306441385248924,0.113338539496841,0.0204957958294182,0.0368848315325084,-0.0498092227950427,-0.0653358443686968,-0.00238274768850855,-0.077992319405406,0.00699422279168822,-0.0518023781761092,-0.023034808435689,0.0139287404976643,0.0561889479096028,0.0478093762857123,0.0376308666242321
Harryflintia_acetispora,0.0151208831883151,0.0402691895308813,-0.0304197602023657,-0.0434322176676673,0.00507798649310316,0.0345524406952155,-0.0660111831694332,-0.0998472951734258,0.0724599067585846,0.124094418655212,-0.0416209317440066,-0.081587736185643,0.0525582702351058,0.0178838339177936,0.0569257671202996,0.0540618714931609,-0.00499974582066954,0.0265489344742165,-0.0592484824599299,-0.0416314139762203
Holdemanella_biformis,-0.021886634373807,-0.00785106820875347,0.0354884577702758,0.0867636776597899,-0.00238727009639382,-0.0118409600269184,0.00220390229206889,0.0487345596894169,-0.0500371742208592,-0.0677810560768466,0.0467711893899065,0.0375529042573734,-0.084134569292525,-0.0146956023053466,-0.0162445763700086,-0.0423252405443865,-0.00908118687376482,0.0108303173996349,0.0156209302159495,-0.0331561768740496
Holdemania_filiformis,-0.00117244333817711,-0.0315927749287641,-0.0813111400898113,0.00311926236419418,0.0261687559498616,-0.0433004285129567,-0.0297018796540334,-0.0595259493792777,0.0160063668711178,0.0785658107849918,0.0537032081535134,-0.0807490027298801,0.0498533284952311,-0.0158661111111909,0.0237172541023294,0.02882453032724,-0.00258204238836149,-0.000909854422550355,-0.0485485316629648,-0.0420089506137884
Hungatella_hathewayi,-0.0900223454237692,-0.0473572607188664,0.0162564971350422,-0.0545435833889765,-0.0241661269495748,-0.00801184807318161,0.00182270157671355,0.00601024355169575,0.00876481338980259,0.0411587187083654,0.000637211638657718,-0.0957553712458588,0.0496993587058328,-0.0357789877200891,0.0312849962400119,0.0228136076272463,-0.0236040186108765,-0.0465540420892271,-0.0587751222547602,-0.0457744889133995
Intestinibacter_bartlettii,-0.0604496875785262,-0.0205045769503437,0.0816932232058145,-0.0325075920508317,0.0339443984862531,-0.0458746246194738,0.0417698681279803,-0.0412405317243379,0.0270925416489198,0.0635370530639555,0.0784881111463453,-0.0774715515956798,0.093479448582468,0.0714589916592218,0.00679434380568681,0.0530892220506166,-0.0088390142616458,-0.0391812223263619,0.0342234683869895,-0.00498795159253859
Intestinimonas_butyriciproducens,0.0394421343038819,0.0450653062164858,-0.0524333047996687,-0.0235755624165182,-0.0473980858454468,-0.00880294851393856,0.0659666361989608,-0.0224538487439585,-0.0292571343274136,0.0205262545000856,-0.0170658687573324,-0.0315222395893768,0.0357479199216184,-0.0397385686814728,-0.0277247663481246,0.00610026269866766,-0.0996755863867727,-0.0142032948950545,0.00827198256376842,0.0155370847026624
Lachnospira_pectinoschiza,0.0731281120006305,-0.023279082802779,-0.0294347910441411,0.0406217349190846,0.0865078404631498,-0.000531273548497967,0.0292537249197537,-0.0357833707853743,0.0351112879519938,0.055921804296707,-0.0509260001008791,-0.0386048505737912,0.0943959494633987,0.0381578710363372,0.0431120537765992,0.0403308193923664,-0.0112905298159092,-0.00739460098129458,0.0585733841047758,-0.0212315941186547
Lactobacillus_rogosae,0.0754032995673045,-0.0370567131640517,-0.00968527866229643,0.0302637501046753,0.091849310138366,-0.0198503013104233,0.0721111395197399,-0.0199292543622308,0.0193816095248343,0.028714517485708,-0.02798345582072,0.0260019644577077,0.0728404641159492,0.0390703654631176,0.0287999366999067,0.0541639842814871,-0.0263381123141628,0.0542715381590662,0.0677795376717111,0.0205087303752264
Lactococcus_lactis,0.0468513998829267,-0.0214640379543224,0.0368697893460571,0.0464250216869406,0.0170346981449614,-0.00884372209586424,-0.0178713114631089,-0.0687874037928779,-0.0327586541572557,-0.0214379877477147,-0.0190708706416567,-0.00436580570884819,-0.0229610791944704,-0.0620600389955154,-0.0788362374345825,-0.0874459470610778,0.0581005225969804,0.0312711620114767,0.0813999604111457,-0.0247222938000029
Lawsonibacter_asaccharolyticus,0.207072291301397,0.064815787942798,0.0582019243509112,0.0680315149738611,-0.00632863977792966,-0.00780024857570369,-0.0592610867291901,-0.041357338253353,-0.0610711936876548,0.0495815645704424,0.00543811474422639,-0.0384509779157868,0.0425704144180568,-0.0229667675716071,-0.0250494943772672,-0.0273650536827282,0.380371431514554,0.03169812847503,0.0159143329363969,-0.0553456202925444
Methanobrevibacter_smithii,0.0191422784233031,0.0326704638762362,-0.0174059640981201,0.0744336041742669,0.018192181102753,0.0107544157571608,-0.0346754974965602,-0.0168578196401803,0.0288734379683135,0.0888564776285133,0.0489758680773139,-0.0106585864178615,0.00750018941482442,0.0601316239308638,0.04896784602388,0.0574957155107889,-0.0161212193475248,0.0130756505644947,-0.0133514308921781,-0.00839464071425581
Monoglobus_pectinilyticus,-0.00674317453088235,-0.0158848543898164,0.0686281781185587,0.0109713968602879,0.0315347807397273,0.0131694608481295,-0.0401378624602084,0.0518701308057001,0.0309564559171787,0.00686497585035696,0.0164754583911613,0.0274206532864332,0.0301939921838312,-0.00721590039283345,0.0028869542837468,0.043963744359887,0.0351733858976735,-0.0108674436445436,0.0557713540164253,0.0277357375484206
Odoribacter_splanchnicus,0.00408623333492598,0.00386357125865773,0.00619477180854182,-0.0211985283613845,-0.0186553093560484,0.039093409771974,0.024134459087498,-0.0581151370085398,0.0427386676678297,0.120618506435676,0.0211848035560251,-0.0805038399314867,0.0639217030839311,0.0527244737043616,0.0239148948059197,0.0316286351157734,-0.0690151919184457,-0.00953415473870361,-0.00935972327074106,0.00889964384800151
Olsenella_scatoligenes,-0.0226479782349525,-0.0242741811176254,0.00183858708372559,0.0538258611143653,0.0661934872771477,0.0369260681241317,-0.0164352302727734,0.0403559455493717,-0.0147777593004107,-0.0564485204375178,-0.0341851523024573,0.0519184891148084,-0.0630700197491029,-0.00755138224225694,-0.028829531378049,-0.0238257557987999,-0.0293180262687538,-0.0193674217935599,-0.000603237267845269,0.000119316564120106
Oscillibacter_sp_57_20,-0.0290614413553317,-0.00400509236112674,0.0417999978644157,0.0697210772612179,0.04239668433125,-0.0366086211873726,0.0948481076503091,-0.0192703545222899,-0.0417717087207519,-0.00471043432143231,-0.0800898633993709,0.169334248980711,-0.0878198989608057,0.0184507914913536,-0.0130247086838401,-0.0255819318886902,-0.0710963805067998,0.0482722443354181,0.0718786037848983,0.130736136856639
Oscillibacter_sp_CAG_241,0.0187732386867884,-0.0292766074798777,0.0697074694558677,0.0113483604510676,0.032093089484864,-0.0482151870644485,0.0153530758163987,-0.0683171620600034,0.045069039706563,0.0759333525758411,0.0674426488549691,-0.064960586778276,0.0449759554725545,0.0889715467751129,0.106808927858175,0.0736113459424659,-0.00762052316840413,-0.00579972906816181,-0.0489545484967196,0.00200118787644172
Oscillibacter_sp_PC13,0.110409492251503,0.0135182401912712,0.0290091233214821,0.0623249791384133,0.0126157543644081,-0.0386552912666256,0.0660132750457195,0.0077029035985053396,-0.0226301142005517,-0.00568399121448371,0.0040136704051961,0.0960468570418601,-0.0502743752788243,-0.0139061572354553,-0.0409245108903405,0.0195249018738272,0.0714836374719189,0.147883455809885,0.111502469901585,0.0271881457809452
Parabacteroides_distasonis,0.111779058603313,0.0063918547453904,-0.0508706496971195,0.0490261964099589,-0.00640131636710741,0.00344377403553718,-0.0223475422473424,0.0358238129939854,-0.0198952081841846,0.0194967934426892,0.0194049978953781,-0.0238687331615817,0.0288161390028603,-0.0317385505918758,0.00298321758252086,-0.0357607017557598,0.0486482748749984,0.0113426991445797,0.00298176287726233,-0.0217114215494307
Parabacteroides_goldsteinii,0.130778454884612,0.000165045110370973,-0.0123161221560635,0.00555841733927916,0.0330263501237647,-0.00222607004974387,0.0027909452914925,-0.0227368379459405,-0.0148794842574292,0.0123636536020079,-0.0159655895426014,0.00295237156781623,0.00171067794933697,0.0578422403907565,-0.0402931098398987,-0.0215686907262123,0.0254539189149617,0.0321844710292636,0.0113247808399697,0.0205629929770383
Parabacteroides_johnsonii,0.0996235768829731,0.00897630413928212,-0.0406197251486499,0.0260115532925682,0.00891381016643236,0.0237041573952434,0.01014494046842,-0.0089648601340029,-0.0385836121627115,-0.0420811051685441,-0.0128772420367894,0.0408014359320245,-0.0301766431804902,-0.0202647125983306,-0.0177743927220484,-0.0411643160658231,0.00193874260690841,0.0667463148292716,0.0293626084506049,-0.0327164430042973
Parabacteroides_merdae,0.00145424981542892,0.0337010622254059,0.00173107409165606,-0.00982343748832687,0.00204273011115966,-0.00301695425233671,-0.00677037765828715,-0.0529516537225647,0.028486530754754,0.0888243754835775,0.0615858707759322,-0.0885004906524365,0.0754311338289845,0.0470170141626156,0.0692241010484898,0.090502943558528,0.0166478949568177,-0.0174900417632457,-0.0984338587528085,-0.0110389528265463
Paraprevotella_clara,0.058284852081257,0.0538560498340438,0.0118788397664201,0.0645355988512703,0.0487002091617708,-0.040866295378132,0.0342453958828875,0.018316233839379,-0.0459537093065491,0.00538265552407272,0.024109277137303,0.0906120915587903,0.00766854031975604,-0.00666336093719822,-0.0366150399647202,-0.018067615361988,0.0313246977546647,0.0527246224776092,0.0444211422329334,0.00045480658512255
Paraprevotella_xylaniphila,0.0559802066115329,0.0407905659550941,0.00450357954306364,0.0850858101207936,0.0505111098248722,-0.0483556114590621,0.0414074000928667,0.0260336992525251,-0.0476401604259175,0.00257221424171397,0.0148990553743009,0.0892970081586257,0.0024291200200435,-0.0124486054016445,-0.0295202864028124,-0.022520457945164,0.0325654286238916,0.0612945410094934,0.0582209644020941,-0.00344639338456192
Parasutterella_excrementihominis,0.0767522780410423,-0.00690479664717536,-0.0294648784167421,0.0647591591234626,0.083545663591845,-0.0118346389742497,0.0244359254120768,0.00813932811664987,-0.0350426445241997,0.0672376880074766,0.0191560208652426,0.0755445613896104,0.0755128871729772,0.0109257648806218,0.0520993132208832,-0.0007670435334463,0.088729709109684,0.046648251265524,0.0403091916921978,0.00119255566036067
Phascolarctobacterium_faecium,0.0582460129455334,0.0329972363412401,-0.0219585856083703,0.031440391073109,0.0473003002608991,-0.0110461637971966,-0.0514619942624259,-0.0138426568325228,0.0135731706433542,0.0639415423918547,0.012143334621371,0.0199370151572593,0.0167439560312448,-0.0192459211549529,0.0142046583349691,-0.026139571681764,-0.118887308865463,0.0554215078298019,-0.00975903030196623,-0.0292856665687105
Prevotella_copri,0.0179725894479177,-0.0141787033596704,0.0569337667833659,0.0872800281600594,0.00170247345347026,-0.00792216589541377,0.0211300813282867,0.0422113065806829,-0.0178306014577685,-0.020345608566436,0.0280777794138607,0.0470934747358924,-0.0557974330612206,-0.0333581510902819,-0.0372831561463676,-0.0366717100311411,0.00239388110658882,0.0136652259617134,0.0308331231222491,0.0263105962070339
Proteobacteria_bacterium_CAG_139,0.00928329425879568,-0.0056409463082176,-0.0135609541349532,0.0651705216688994,0.0514245142301579,-0.00352688090098033,0.020163561117445,-0.0401698696165998,-0.0447319822406649,0.109103445399859,-0.00604913865976161,0.0241139292716507,0.0577441570983821,-0.00792740301486448,0.0749929938565037,0.00735944429555325,0.095777436946912,0.0103811159454098,0.00771082870872,-0.00667339891498431
Pseudoflavonifractor_capillosus,0.06991204481552,0.000482316180663457,-0.0658990664180572,-0.0666385299289418,-0.0207289285675271,0.0555874239073345,-0.0598968331929012,-0.0854806339121082,-0.00825206053675035,0.0601713159961817,0.03749958016119,-0.0761672741169906,0.0170692483954514,0.00383074947008582,0.0098647077071331,-0.014207938470588,0.012539732724059,0.0412342414542832,-0.0702432213159263,-0.0808512587073271
Pseudoflavonifractor_sp_An184,0.0212286213957289,0.00412576682902716,0.0155564713005592,-0.0510923373811625,-0.00447937787738235,0.0332725940935245,-0.126814930886242,-0.0607064689621556,0.0503230016619038,0.0708971522691175,0.0178674091513134,-0.137394725634246,0.0872258971864935,0.0376755146269195,0.053086919903789,0.0830503981193902,0.0175055879483217,-0.0374409660212691,-0.0986629744478201,-0.0556378778930472
Romboutsia_ilealis,-0.0592441103488253,-0.0153133438546964,0.00857543716072405,0.0702000966781341,0.0794547071433426,-0.0422783311217415,0.0256997645389633,-0.0284032749839103,0.0195360328135143,0.0471423647481133,-0.0031800295441261,0.0277377169384493,0.0380315890228436,0.0264286193332392,0.0222481356516951,0.0225449891286322,-0.00487932388490532,-0.0570838820677959,0.0666659363926331,0.0226118456641067
Roseburia_faecis,-0.0426116260824889,-0.0401061155888092,-0.0576411200702479,-0.0309538739843226,0.0189446473387283,0.0241305333284773,0.0166249536180607,0.0218212193282767,0.0464290241839896,0.0130818474982291,-0.0463761066617153,0.0822025863617878,-0.00410602583157267,0.0586920579702815,-0.0250956457136418,0.0328003903535559,0.00281448218557031,-0.050516458954023,0.000223205044119817,0.0351281153710926
Roseburia_hominis,-0.00198865974362724,-0.0638529032212831,0.0299063771988727,0.0240204578012022,0.0101234235324581,-0.0404569759862375,0.0902499726623734,0.0661492598832435,0.00707414798295811,-0.0294846426221817,-0.0834765389503979,0.197077948671331,-0.0806555438004235,-0.0143149926366022,-0.0263790912046817,-0.00661087039336811,0.0784426195846195,0.0919277994655124,0.0871997318036695,0.114396124524061
Roseburia_intestinalis,0.0229774636783079,0.0191210159180171,-0.0129945290071827,0.0385710963002709,0.0361735075762535,-0.019023168041244,0.03054503821165,-0.00152107557176039,-0.113852415348919,-0.0205686329874188,-0.108882924442123,0.0329982729895542,-0.000334499795144188,-0.0284806914566176,-0.0170634521392283,-0.036914532376402,0.0401382053311695,0.0211793892170402,0.0510777798244094,-0.0596460589608284
Roseburia_inulinivorans,0.0276675144995765,0.0214488217611932,-0.0672094134005553,0.0128899967981688,0.0368963557702838,0.0239979756669551,-0.0590312598566513,-0.00907369116770508,0.0780096323307164,0.0500448141476581,0.025255798095399,0.000340100264577632,0.0544329368724859,0.0306417980729112,0.00481716691776036,0.0399902564755459,0.0169074160155648,0.0244403411930482,-0.00557303741904359,-0.0538020915507244
Roseburia_sp_CAG_182,0.0155033966392218,-0.0762222061491326,-0.0235507885097577,0.0143179774589856,-0.0196154059092103,-0.0300301895487086,0.0645116895501697,0.0899095607141943,-0.0150802904355186,-0.0696845583051446,-0.0707522311428334,0.131487875843061,-0.113682720308674,-0.0293272826716998,-0.0465963158912789,-0.0858262214250872,0.0675961148132483,0.0483986382653886,0.136567696026626,0.0712428284616812
Roseburia_sp_CAG_309,0.122209903985785,0.034496282740136,0.0777258075133156,0.0622265761018665,0.0241941562985,-0.011831631191959,0.0109959871860582,-0.00405351570039966,0.0381915886390662,0.0251389202730091,-0.0209927985666336,0.0427920357245567,-0.0327185928756421,0.0208160808909342,0.00688896091801988,0.00516402966248288,0.0602546890237868,0.0538054937170414,0.0442945225020827,0.0360249024297854
Roseburia_sp_CAG_471,0.0128451094543634,0.061037109706147,-0.00893247302514629,0.0439800254858738,0.0205828362512619,-0.0126790238452461,0.0473000642703454,0.0268652289962032,-0.0503428947110176,-0.066511687884545,-0.0211858238431326,0.147418837616839,-0.0434532507230241,-0.0592485929736722,-0.0377470099755044,0.00708834487093553,0.00962637739829188,0.0501116707459106,0.0611455149045929,0.0607100559048042
Rothia_mucilaginosa,-0.0388776447851185,-0.072459437337232,0.0434599796535105,0.0605117390925767,0.0485826603900625,-0.0117308813399828,0.0401074205342316,0.0225116174695776,0.00982629581312286,0.00746451604029249,-0.0174567533278437,0.00681475509546907,-0.0507325389445606,-0.0412927005200478,-0.0558895478639679,-0.0269030336881316,0.0623571820780911,0.0434734129011479,0.0161158758825304,0.0155325151805347
Ruminococcaceae_bacterium_D16,0.078041989440225,-0.0157771796166663,-0.0248372037337401,-0.0532248719045731,0.0131145159081954,0.0375684989590151,-0.0555150697763394,-0.0396944605167783,0.0192720400414402,0.0301205003130901,0.0448855008648043,-0.0747477566665998,0.0233632592133342,-0.0163573764341724,-0.00879006790746333,0.0387006203292741,0.068552579246589,0.0514514860603718,-0.0278649032328056,-0.0610833525858426
Ruminococcaceae_bacterium_D5,0.0417007824268966,0.0273641836279702,0.0316925938735814,0.0506050773826045,0.0581440138627332,0.0215151237785369,-0.00326118622038373,-0.0560446845393303,0.0193169766210555,0.0819243741830144,0.0172373441796663,-0.0143103308906912,0.057303176766236,0.0376182099074102,0.0502392008424791,0.0364677812615484,-0.0716800881767799,-0.00308413388083838,0.0532786113562183,0.0363552207194361
Ruminococcus_bicirculans,-0.0134393686258714,-0.00620978830666072,0.00939302242796994,-0.0432733690969428,0.0223267033081941,0.0132605628196644,0.0565883703576813,-0.0341406288903456,-0.00844119844217314,0.038320766705069,-0.0269672274735069,-0.042876443471207,0.0083526561425892,-0.000539701477303407,0.0574358971035893,0.0658530959713806,0.00508646193844659,0.0280201077299472,-0.0184570012372208,0.012913960101338
Ruminococcus_bromii,-0.0309816611854176,0.0242012822990374,0.016765927749101,0.000464988084858553,0.0108081711247682,0.00519596240459315,-0.00370810643514205,-0.0786057398945993,-0.0141381189070453,0.111251687166054,0.0373422210722851,-0.0287154092651329,0.0502055465897428,0.026534580034913,0.0105148738749411,0.00868330459790072,-0.0295714349337669,0.028548957234122,0.0235280777047734,-0.0214982111044392
Ruminococcus_callidus,-0.0541370799854805,-0.00567416148099288,0.0416577907624996,0.0222596458121429,-0.0623281186504409,0.019903009211352,0.000372384063443481,0.00408702664469491,0.00345368092889038,-0.0187893111185343,0.0039526901762976,-0.00410126366360348,-0.00515935167831501,0.0674391348207164,-0.0240188380282102,0.0526269322717145,-0.0235640600338609,-0.0460530058394896,-0.0192444238666463,0.0406717800578526
Ruminococcus_gnavus,-0.0293099129054619,-0.0281255876166684,-0.0522212063197225,-0.029954686617662,0.00197142975436652,-0.0141690648440184,-0.0631439880160761,-0.00263421354772971,0.00755811832300847,0.0261822523223992,0.00223667701740444,-0.11356586819712,0.0371004616583058,-0.0244865700247776,0.0462931689565289,0.0252703113475139,-0.0792318280586789,-0.0572791245026235,-0.0686676904436245,-0.0719716021405542
Ruminococcus_lactaris,0.0896773433571141,0.0185843407098854,0.0255147560788517,0.0400881271709437,0.0480139835094219,-0.00149905999310836,-0.0135804163059448,0.0241268077925065,-0.0474281270239835,-0.0624174555670005,-0.0736082231054789,0.0996883311802588,-0.128728155988683,-0.0616483650997029,-0.0812485195817865,-0.0549153965795416,0.0565242413517662,0.0655321085376288,0.0935820914126927,0.0386880871277887
Ruminococcus_torques,-0.0014617912569407,0.0589489991354754,0.0187692041279125,0.0307530134730704,-0.0135090034340521,-0.0205607082010327,-0.0301133341942882,-0.0933235010868019,0.0309396957857193,0.0697725718200058,0.035993967654883,-0.0382253245164908,0.00068684965288338,0.0201818550543195,-0.000879573300590122,0.0679518207218744,-0.0420017005841213,-0.0311785010781435,-0.0162283254054576,-0.00677100512936873
Ruthenibacterium_lactatiformans,-0.0376011942739576,-0.0215309734730187,0.00240929441984949,-0.0318472489505625,0.033940446420916,-0.000501302160124122,-0.0209974157295191,-0.0762837823448396,0.0594692279664003,0.13270716059753,0.0815671514444352,-0.18057509535161,0.134550153029992,0.064735059864457,0.125190985813719,0.125553126130497,-0.0444651755797526,-0.0403850515960343,-0.0882000238673818,-0.0588523061657992
Slackia_isoflavoniconvertens,0.000156208575203976,0.0314405727825432,0.0294500325380049,0.0496727950380969,0.0390660368279616,0.0430394580910478,0.0308828965369993,0.0354447211085421,-0.0165908399121282,-0.0701480768941091,0.00612076770585588,0.0791798703193032,-0.0822017305471175,0.00404449769467357,-0.0354676557489887,-0.00728714203100717,0.0282343887790122,0.0328404109964861,-0.0141981276787434,-0.0330537299490709
Streptococcus_australis,-0.0661526582231527,-0.0521884942332271,-0.0137424951959229,0.00468797053239174,-0.019403737830442,-0.0444884951108388,-0.0381229775949041,0.011286568849509,-0.0278298689148955,-0.0100717341139057,-0.00574393571181306,0.0491103973748579,-0.0339814199883757,0.0131301788796457,-0.135439583850153,-0.0963931660443984,-0.0763073403243721,-0.0331569083965372,0.0158311176053451,0.0456185685646643
Streptococcus_mitis,0.0324269066821555,0.0170373943507579,0.00221741570366577,0.0319027258527099,0.0211828237404941,0.0105151723766817,-0.0987531022825917,-0.02224524130427,0.0294735545919012,0.0489374770414277,0.0728262056767804,-0.075151704966241,0.061212512444821,-0.0125029377733479,-0.0201935939514772,-0.0413208914709072,0.0113726282242752,-0.0085885585877851,-0.0187365549977035,-0.0586814634111957
Streptococcus_parasanguinis,-0.0738132686946254,-0.0679607307274895,0.0425963945266388,-0.0396495520956897,0.0160646869754481,0.0356288921339466,0.0420877415878686,-0.0109477851838913,0.0284551719136755,-0.00875317269508663,0.0118790658834412,-0.0451157197331654,-0.000921339507968769,-0.00236264046090802,0.0467457139024952,0.0957776974935689,0.0161186916941225,0.000181812639844833,-0.0720964737147784,0.0370814462345957
Streptococcus_salivarius,-0.0792807025568214,-0.0912615867251812,0.0556896759733982,-0.0253888929821313,-0.0272036906499438,0.0228704652553324,0.0338954468161651,0.035546874467552,0.0514710006779441,-0.0256703834871898,-0.00510511445930392,-0.0317972250102955,-0.00802607486197894,0.0340017606149483,0.0265599986059426,0.0643650733914428,-0.000226909983812547,-0.0578319449693645,-0.0726649665224999,0.0765437503355378
Streptococcus_sp_A12,-0.0564547215221034,-0.0168545935921985,0.0171639766838349,0.00352731887241388,-0.00775330611289655,-0.0379219970433887,-0.00785408203890116,-0.00252196180245604,0.00818686202194922,0.0215397442737318,-0.0112987991862992,0.0440841849966968,0.00757490581972699,0.0410027234318459,-0.140288262536193,-0.050886330490449,-0.0466197444460429,-0.0424668947091782,0.0499679374216199,0.0704182365435364
Streptococcus_thermophilus,-0.0150558594208831,-0.00358613689970327,0.254092808318387,0.0690293175428807,0.0338708005057969,-0.0154792275632605,0.0711341221808011,-0.000234302046949942,-0.0805778727146836,-0.0177569694126352,-0.0235345209887354,0.00437524793302519,-0.070204604392105,-0.0565601813944555,-0.0459127588739709,-0.050767010673225,0.0231665844506206,0.0560020159319406,0.0677345795824168,0.0355771005565243
Sutterella_parvirubra,0.025900889934612,0.0231671991117725,0.00132551497375167,0.0263596181604569,0.00600836254524021,-0.0352718469637793,0.0566100818027329,0.00633870850405267,-0.0333630578065588,-0.00765310732077717,0.0528933855029838,0.00645860690363664,-0.0329625878592295,-0.0421740919882817,-0.00729364468213913,-0.0278754865990396,-0.0162495170416387,0.0990055897534102,0.0640985846056556,0.00436469224407693
Turicibacter_sanguinis,-0.0427866716396019,-0.0359578654850705,0.0536236270298174,-0.0194104183448824,0.0632817328362064,-0.0115415888815516,0.0728262258163951,-0.0270338251678858,0.0264023213528847,0.0124893780929274,-0.003034763652328,-0.0684410739002181,0.00100385404319955,0.0148464778923719,-0.0143842697584234,0.00571033124910016,-0.0440695215727722,-0.023126765084538,-0.00253120081824906,0.0188337541774002
Turicimonas_muris,0.0135071582229676,-0.00842088854321341,-0.0319900421299358,0.0438477341402437,0.0577876751535018,0.00744873378378097,0.0047842491333347,-0.0460775131918005,-0.0497473642141218,0.116085154366766,-0.00254032556071427,0.0246546380041387,0.0750926337369911,0.0141882916708948,0.0540336998545644,0.00162584190013008,0.0643447339040782,0.0103341374362746,-0.00588165887309902,-0.0410590815777818
Veillonella_atypica,-0.0362884659959828,-0.0650734469213717,0.0344258344118305,-0.0049695745118415,0.0365614230693912,0.0103794426079864,0.0452521158111675,0.0134633512807061,0.00961213577819939,-0.0379594988170796,-0.0337655893087836,0.0661816425098168,-0.0668017689238366,-0.0592078439639294,-0.025119786953757,-0.0171825454144516,-0.00348497103272299,-0.00490288011878652,0.00979990383547002,0.0786008076454687
Veillonella_dispar,-0.0415788947779394,-0.0597518231617601,0.0403305634290347,0.00220351847032042,0.0211680451368278,0.00373817595512017,0.0855365443003892,0.0300651605389349,0.0605306182042664,-0.0581796100624644,-0.033185656447548,0.0422263101396518,-0.0290862131248916,-0.0309708831398563,-0.0588335493500344,0.0132564134178832,-0.000948857643092771,0.0178213276070254,0.0415079999887767,0.0697569196773133
Veillonella_infantium,-0.0335900794925293,-0.114488994012498,0.030385302661212,-0.0117363202903882,0.0148842116317328,-0.0126194474381537,0.0588193251753984,0.00257394290942852,0.0723899499528831,-0.036575613186458,-0.0562283571856514,0.0587564452261361,-0.0587198337733485,-0.0393159838376859,-0.060513785576366,-0.0251317850931187,-0.0108254584746658,-0.00174916734374951,0.00431889171986363,0.0934228937647889
Veillonella_parvula,-0.0593886286825183,-0.0385909161739808,0.044521938045806,-0.0265902823554637,0.0293189807681763,0.000926271905734392,0.0569224419002223,0.0238235578216766,0.0899757345184431,-0.0300239580503414,-0.0386446940608927,0.0115434349160579,0.0294618624544223,0.0176671034755268,-0.064064107911852,0.0305484788716849,-0.045086246257694,-0.0495099201743183,0.0341407282539781,0.0839867762427456
Veillonella_rogosae,-0.0597553740352395,-0.0627252765774085,9.58767318863431e-05,-0.00965332250532006,0.0257232738515589,-0.00644537198493485,0.0341290452984831,0.0600071844153246,-0.00765595325263161,-0.0715481204103876,-0.0463081929095033,0.0490306913343546,-0.0177792186547746,-0.030796139850559,-0.151937366696404,-0.0515028085307911,-0.0313317660478759,0.0351861893174826,0.0633464051640706,0.0726149369070747
Veillonella_sp_T11011_6,-0.035962224863773,-0.107646337130285,-0.0201529149633014,-0.0155717402859911,-0.0188449834073139,-0.047565780829095,0.052156705682098,-0.0186810102029092,0.0390802546058951,-0.0468903332237583,-0.0647624358018086,0.029132373991469,-0.0593348813445654,-0.0726579704919068,-0.06680647611359,-0.0287120155600756,-0.00288600392605558,0.00265735451236422,0.0148922091312746,0.0353507194553942
Victivallis_vadensis,0.0348372411303868,0.0325735397612457,-0.0305052844092284,-0.0033729693762937,0.0164273652227563,-0.0164149454110834,0.00354335367419013,-0.0523274024365123,0.00468649743623293,0.0629281008898527,0.0384504812540872,-0.0153712836315489,0.021016128931787,0.0496332207216665,0.0419872425719737,0.0521232025212122,-0.0902777314209195,0.0226156842247571,-0.00428967342756475,-0.0159285069327119
[Collinsella]_massiliensis,0.0626533935303647,-0.0095599573026009,-0.0320397558860447,-0.0113805395616685,0.031645975836129,0.0308847867919979,-0.0706374049752475,-0.0456095736910611,-0.0123199848959859,0.0442014066667454,0.0414220714989176,-0.0620726585517091,0.000842350967721555,0.0287308573236763,-0.021268428973477,-0.0253776463665421,-0.012119337358545,-0.0137543482872303,-0.0656410839685129,-0.0942727853976021
